{"X":[13.215430861723448,15.379759519038076,19.91875626880642,29.375879396984924,47.590080971659916,85.0238836967809,163.72668393782382,314.9059829059829,612.5747126436781,1226.9,2479.8888888888887,5496.5,11150.0,23160.0,56709.0,157437.0,457672.0,1.772386e6,3.540782e6,7.453758e6,1.5370499e7,3.1202003e7],"T":[19.908726178535606,29.19497487437186,48.167004048582996,89.48693834900732,170.06300268096516,331.695067264574,660.7375,1317.0,2633.222222222222,5215.0,10300.0,20890.0,41269.0,83829.0,169777.0,390762.0,782455.0,2.153469e6,4.416707e6,9.173158e6,1.863793e7,3.7273023e7],"CNOT":[32.75553319919517,35.62839879154078,43.29191919191919,57.354018311291966,93.34171907756813,152.1002444987775,267.39318885448915,505.53367875647666,973.1052631578947,1908.9,3787.375,7602.25,15270.0,31090.0,66569.0,215136.0,603499.0,1.408305e6,2.907436e6,5.626136e6,1.1434739e7,2.3448126e7],"H":[13.806613226452907,15.850701402805612,20.711133400200602,30.48189134808853,49.52279635258358,88.17118997912317,170.7246963562753,329.7688888888889,639.9281437125749,1289.0,2564.3333333333335,5694.833333333333,11909.0,24739.0,53699.0,127798.0,522650.0,1.773717e6,3.471615e6,7.409652e6,1.5300614e7,3.121801e7]}